{"filesMd5":[{"page":"/mediator/index.js","md5":"4c09584c42805416dcc22e8ee1994458"},{"page":"/pages/find.js","md5":"8b32e18507c509d39d9588a10a7e4dea"},{"page":"/pages/home.js","md5":"b05406bd5bc58b3d2c875ca8613a0862"},{"page":"/pages/mine.js","md5":"c5619982f4b6427c16d43c9181801044"},{"page":"/pages/study.js","md5":"9e527d0e48fa8e11436aa0cc90f825bb"},{"page":"/config/index.js","md5":"599fddda056e73772ac149c27d7b0610"},{"page":"/assets/demo.jpg","md5":"ad0a76ef138304056020d234c3217aeb"},{"page":"/assets/main/nav_gift@2x.png","md5":"c5ba0ec45d39923ea903d4f80c45f32a"},{"page":"/assets/tab/tab_found@2x.png","md5":"86a568a7e5482a4d75869c67b88e012f"},{"page":"/assets/tab/tab_found_pre@2x.png","md5":"2bf706e2b312dfe3564dad97e18cb5a6"},{"page":"/assets/tab/tab_home@2x.png","md5":"f6b7aa3ae17b15ea399ce46d4501f9d9"},{"page":"/assets/tab/tab_home_pre@2x.png","md5":"023d713afec13766bc5fd1a8cfd73910"},{"page":"/assets/tab/tab_set@2x.png","md5":"3739bd389dfe5431010f44b85552f47a"},{"page":"/assets/tab/tab_set_pre@2x.png","md5":"d46651122ee0b208b76633be682e4879"},{"page":"/assets/tab/tab_web@2x.png","md5":"04412d526fa3aa188aee6b63a0c76649"},{"page":"/assets/tab/tab_web_pre@2x.png","md5":"442343f74414faf730595eb4fc9bcbe3"}],"android":"1.0.0","iOS":"1.0.0","appName":"eros-leao","jsVersion":"33201b811ce1742365f9cc62125093bf","timestamp":1569395742909,"jsPath":"https://app.weex-eros.com/source"}
